{
     "12_4.png": 14.013779527559056,
     "36_5.png": 16.00798403193613,
     "10_6.png": 12.016014234875446,
     "68_6.png": 7.009191176470588,
     "16_0.png": 16.003898635477583,
     "9_00.png": 19.58,
     "6C_2.png": 8.008888888888889,
     "8_0.png": 16.56581532416503,
     "14_2.png": 9.0,
     "32_1.png": 22.023529411764706,
     "32_0.png": 13.011450381679388,
     "14_3.png": 14.00767754318618,
     "8_1.png": 16.562130177514792,
     "6C_3.png": 8.008888888888889,
     "16_1.png": 14.0,
     "68_7.png": 7.003669724770642,
     "10_7.png": 12.007005253940456,
     "36_4.png": 16.015968063872254,
     "12_5.png": 13.0,
     "34_4.png": 15.025590551181102,
     "10_5.png": 12.016014234875446,
     "36_6.png": 14.017751479289942,
     "68_5.png": 7.001834862385321,
     "16_3.png": 12.01129943502825,
     "32_D10.png": 14.021153846153846,
     "6C_1.png": 8.002962962962963,
     "8_3.png": 15.592452830188678,
     "32_2.png": 14.003883495145631,
     "14_1.png": 14.001934235976789,
     "14_0.png": 14.023715415019764,
     "32_3.png": 13.0,
     "3_4M.png": 12.01388888888889,
     "8_2.png": 16.576,
     "6C_0.png": 8.008670520231213,
     "16_2.png": 12.020715630885123,
     "68_4.png": 7.001834862385321,
     "36_7.png": 14.017751479289942,
     "10_4.png": 12.02048417132216,
     "34_5.png": 15.023622047244094,
     "12_6.png": 13.0,
     "12_2.png": 13.02385685884692,
     "57_2.png": 6.006968641114983,
     "34_1.png": 15.0,
     "10_0.png": 12.013913043478261,
     "36_3.png": 15.022641509433962,
     "68_0.png": 11.009242144177449,
     "16_6.png": 8.007352941176471,
     "7_2M.png": 11.688500727802039,
     "6C_4.png": 8.0,
     "14_4.png": 14.01338432122371,
     "14_5.png": 14.001897533206831,
     "6C_5.png": 8.00145560407569,
     "16_7.png": 8.012891344383057,
     "68_1.png": 7.001865671641791,
     "16_9M.png": 5.004667444574095,
     "36_2.png": 15.022684310018903,
     "10_1.png": 13.017241379310345,
     "34_0.png": 7.000922509225092,
     "12_3.png": 14.023762376237624,
     "57_3.png": 6.006980802792321,
     "34_2.png": 15.023622047244094,
     "57_1.png": 13.023715415019764,
     "12_1.png": 13.011363636363637,
     "36_0.png": 14.0,
     "10_3.png": 12.018691588785046,
     "68_3.png": 7.005484460694698,
     "16_5.png": 12.02037037037037,
     "68_0M.png": 7.007017543859649,
     "8_5.png": 16.568862275449103,
     "8_4.png": 16.576,
     "16_4.png": 13.01195219123506,
     "68_2.png": 8.005952380952381,
     "10_2.png": 12.005586592178771,
     "36_1.png": 14.001968503937007,
     "57_0.png": 6.008695652173913,
     "12_0.png": 14.0,
     "34_3.png": 15.025590551181102,
     "9_3.png": 21.622754491017965,
     "33_2.png": 5.00083263946711,
     "31_0.png": 17.03112840466926,
     "17_3.png": 11.01792828685259,
     "11_5.png": 9.013011152416357,
     "37_6.png": 11.014869888475836,
     "56_7.png": 9.009727626459144,
     "35_4.png": 5.001945525291829,
     "35_5.png": 5.007920792079208,
     "13_6.png": 7.010810810810811,
     "56_6.png": 9.009727626459144,
     "37_7.png": 6.007168458781362,
     "11_4.png": 9.013093289689035,
     "17_2.png": 12.019762845849803,
     "31_1.png": 17.021194605009633,
     "6_1M.png": 5.0018604651162795,
     "33_3.png": 9.009077155824508,
     "9_2.png": 21.005802707930368,
     "10_8M.png": 12.017793594306049,
     "9_0.png": 19.003809523809522,
     "33_1.png": 6.001926782273603,
     "31_3.png": 17.026666666666667,
     "37_5.png": 11.016728624535316,
     "56_4.png": 9.009727626459144,
     "13_4.png": 7.005357142857143,
     "56_5.png": 9.011342155009451,
     "13_5.png": 7.007142857142857,
     "68_7M.png": 7.007339449541284,
     "37_4.png": 11.016728624535316,
     "31_2.png": 12.005736137667304,
     "17_1.png": 14.019762845849803,
     "32_G10.png": 14.021153846153846,
     "10_4M.png": 12.0,
     "33_0.png": 11.014492753623188,
     "9_1.png": 17.02,
     "33_4.png": 9.008955223880598,
     "9_5.png": 19.008928571428573,
     "32_D8.png": 13.003759398496241,
     "32_G4.png": 13.00375234521576,
     "14_2M.png": 14.021153846153846,
     "37_0M.png": 3.0,
     "37_0.png": 13.018691588785046,
     "11_3.png": 10.014492753623188,
     "11_1M.png": 9.003512880562061,
     "35_2.png": 5.001964636542239,
     "13_1.png": 7.0035398230088495,
     "56_1.png": 10.011673151750973,
     "13_0.png": 8.00596421471173,
     "56_0.png": 12.012,
     "35_3.png": 22.015779092702168,
     "11_2.png": 10.014492753623188,
     "37_1.png": 12.011173184357542,
     "32_G5.png": 13.020676691729323,
     "32_D9.png": 13.0,
     "9_4.png": 21.00588235294118,
     "33_5.png": 22.013806706114398,
     "9_6.png": 19.00718132854578,
     "32_G7.png": 13.003759398496241,
     "11_0.png": 10.003344481605351,
     "37_3.png": 11.013011152416357,
     "18_00.png": 5.005988023952096,
     "7_4M.png": 12.012066365007541,
     "56_2.png": 9.009727626459144,
     "13_2.png": 7.007142857142857,
     "35_1.png": 5.006,
     "35_0.png": 5.0037523452157595,
     "4_1M.png": 12.013861386138613,
     "56_3.png": 9.009727626459144,
     "13_3.png": 7.005357142857143,
     "37_2.png": 11.014869888475836,
     "11_1.png": 10.001273885350319,
     "31_4.png": 17.009487666034154,
     "32_G6.png": 13.003759398496241,
     "8_1M.png": 16.003913894324853,
     "7_5.png": 14.003484320557492,
     "32_D7.png": 13.003759398496241,
     "2_4M.png": 16.00494233937397,
     "39_0.png": 16.021484375,
     "3_1.png": 12.001956947162427,
     "24_5.png": 11.007393715341959,
     "1_3.png": 17.015734265734267,
     "26_7.png": 14.00578034682081,
     "26_6.png": 14.009633911368015,
     "1_2.png": 17.006968641114984,
     "24_4.png": 11.00554528650647,
     "3_0.png": 14.015209125475286,
     "39_1.png": 18.0293542074364,
     "32_D6.png": 13.003759398496241,
     "56_00.png": 11.007380073800737,
     "7_4.png": 12.014814814814814,
     "7_6.png": 14.010600706713781,
     "32_D4.png": 13.00375234521576,
     "32_G8.png": 13.003759398496241,
     "5_4.png": 5.0019762845849804,
     "14_1M.png": 14.021317829457365,
     "39_3.png": 16.01590457256461,
     "3_2.png": 13.0,
     "24_6.png": 11.007380073800737,
     "1_0.png": 17.0103986135182,
     "26_4.png": 14.009633911368015,
     "26_5.png": 14.009633911368015,
     "1_1.png": 17.006993006993007,
     "24_7.png": 11.00554528650647,
     "3_3.png": 12.013833992094861,
     "39_2.png": 16.02994011976048,
     "32_G9.png": 13.018832391713747,
     "32_D5.png": 13.020676691729323,
     "7_3.png": 13.012965964343598,
     "5_1.png": 7.0034891835310535,
     "39_6.png": 16.02994011976048,
     "24_3.png": 11.009242144177449,
     "56_8.png": 12.020676691729323,
     "26_1.png": 14.0,
     "56_9.png": 9.001908396946565,
     "26_0.png": 14.007648183556405,
     "1_4.png": 16.01967213114754,
     "24_2.png": 11.007393715341959,
     "39_7.png": 14.017786561264822,
     "5_0.png": 5.001993024414549,
     "7_2.png": 12.010463378176382,
     "7_0.png": 12.009845288326302,
     "5_2.png": 4.0,
     "3_4.png": 12.01984126984127,
     "39_5.png": 16.02994011976048,
     "24_0.png": 12.017821782178217,
     "26_2.png": 14.00578034682081,
     "26_3.png": 14.00578034682081,
     "3_1M.png": 12.001956947162427,
     "24_1.png": 11.009242144177449,
     "39_4.png": 16.02994011976048,
     "3_5.png": 12.017857142857142,
     "5_3.png": 4.000796178343949,
     "6_2M.png": 5.0,
     "7_1.png": 13.010719754977028,
     "38_3.png": 14.017751479289942,
     "2_2.png": 17.0103986135182,
     "18_6.png": 4.001628664495114,
     "4_4.png": 12.007920792079208,
     "16_9.png": 8.00749063670412,
     "66_0.png": 10.014732965009209,
     "16_8.png": 8.00187969924812,
     "66_1.png": 10.012891344383057,
     "4_5.png": 12.016,
     "26_0M.png": 14.009560229445507,
     "2_3.png": 17.0,
     "38_2.png": 14.019723865877712,
     "38_0.png": 17.00597609561753,
     "2_1.png": 17.020408163265305,
     "18_5.png": 4.003236245954692,
     "66_3.png": 10.01657458563536,
     "56_00M.png": 2.0,